{
    "schema": "plugins",
    "title": "Plugins",
    "description": "The schema plugins to use. Each plugin will be inside his own tab.",
    "type": "object",
    "properties": {
        "rangeSlider": {
            "type": "object",
            "properties": {
                "enable": {
                    "type": "boolean",
                    "title": "Enable"
                },
                "open": {
                    "type": "boolean",
                    "title": "Open by default",
                    "default": true
                },
                "autorun": {
                    "type": "boolean",
                    "title": "Start animation on load",
                    "defaul": false
                },
                "loop": {
                    "type": "boolean",
                    "title": "Play the animation in loop",
                    "default": false
                },
                "controls": {
                    "type": "array",
                    "default": ["lock", "delay"],
                    "items": {
                        "type": "string",
                        "enum": [
                             "lock",
                            "loop",
                            "delay",
                            "export",
                            "refresh"
                        ]
                    },
                    "title": "Slider bar controls"
                },
                "params": {
                    "type": "object",
                    "title": "Parameters",
                    "properties": {
                        "type": {
                            "title": "Slider Type",
                            "type": "string",
                            "enum": [
                                "number",
                                "date",
                                "wmst"
                            ],
                            "description": "If the Date or WMS-T is selected, range and limit must be in milliseconds. Note: Date is for esri layer and WMS-T is for ogc WMS-T layer.",
                            "default": "number"
                        },
                        "rangeType": {
                            "title": "Range Type",
                            "type": "string",
                            "enum": [
                                "single",
                                "dual"
                            ],
                            "description": "Type of range (single for one handle or dual for 2 handles).",
                            "default": "dual"
                        },
                        "stepType": {
                            "title": "Step Type",
                            "type": "string",
                            "enum": [
                                "dynamic",
                                "static"
                            ],
                            "description": "Type of step (dynamic for open values or static from a list of values).",
                            "default": "dynamic"
                        },
                        "precision": {
                            "title": "Precision",
                            "type": "string",
                            "enum": [
                                "0",
                                "1",
                                "2",
                                "date",
                                "hour"
                            ],
                            "description": "Precision of numeric data (0, 1, 2) or date (Date, Hour).",
                            "default": "0"
                        },
                        "delay": {
                            "title": "Animation Delay",
                            "type": "string",
                            "enum": [
                                "3000",
                                "4000",
                                "5000",
                                "6000",
                                "7000"
                            ],
                            "description": "Delay between animations.",
                            "default": "3000"
                        },
                        "range": {
                            "type": "object",
                            "title": "Default Range Values",
                            "properties": {
                                "min": {
                                    "type": "number",
                                    "title": "Min Range",
                                    "description": "The minimal value for the range. If not set, minimum limit will be use. Must be set for WMS layers.",
                                    "default": 0
                                },
                                "max": {
                                    "type": "number",
                                    "title": "Max Range",
                                    "description": "The maximal value for the range. If not set, maximal limit will be use. Must be set for WMS layers.",
                                    "default": 1
                                }
                            }
                        },
                        "limit": {
                            "type": "object",
                            "title": "Default Limit Values",
                            "properties": {
                                "min": {
                                    "type": "number",
                                    "title": "Min Limit",
                                    "description": "The minimal value for the limit. If not set, values from the layer will be use. Note: Must be set for WMS layers.",
                                    "default": 0
                                },
                                "max": {
                                    "type": "number",
                                    "title": "Max Limit",
                                    "description": "The maximal value for the limit. If not set, values from the layer will be use. Note: Must be set for WMS layers.",
                                    "default": 1
                                },
                                "staticItems": {
                                    "type": "array",
                                    "title": "Static Limit Values",
                                    "items": {
                                        "title": "Value",
                                        "type": "number"
                                    },
                                    "default": [],
                                    "description": "The values for static limit. Note: Use Min Limit and Max Limit ot set the lower and upper limit."
                                }
                            }
                        },
                        "units": {
                            "type": "string",
                            "title": "Units",
                            "description": "Shown at the right of the time axis. Keep it short to improve readability.",
                            "default": ""
                        },
                        "description": {
                            "type": "string",
                            "title": "Description",
                            "description": "Description to add in the section below the slider."
                        }
                    },
                    "required": ["type"]
                },
                "layers": {
                    "type": "array",
                    "title": "Layers",
                    "items": {
                        "type": "object",
                        "properties": {
                            "id": {
                                "type": "string",
                                "description": "The id of the layer for referencing within the viewer (does not relate directly to any external service).",
                                "title": "ID",
                                "default": ""
                            },
                            "field": {
                                "type": "string",
                                "description": "The field name to use.",
                                "title": "Field Name",
                                "default": ""
                            }
                        },
                        "required": ["id, field"]
                    }
                }
            },
            "additionalProperties": false,
            "required": ["params", "layers"]
        },
        "coordInfo": {
            "type": "object",
            "properties": {
                "enable": {
                    "type": "boolean",
                    "title": "Enable"
                }
            }
        },
        "areasOfInterest": {
            "type": "object",
            "properties": {
                "enable": {
                    "type": "boolean",
                    "title": "Enable"
                },
                "areas": {
                    "type": "array",
                    "items": {
                        "type": "object",
                        "properties": {
                            "title-en-CA": {
                                "type": "string",
                                "title": "English Title"
                            },
                            "title-fr-CA": {
                                "type": "string",
                                "title": "French Title"
                            },
                            "xmin": {
                                "type": "number",
                                "title": "Minimum value of x",
                                "default": -4844430
                            },
                            "ymin": {
                                "type": "number",
                                "title": "Minimum value of y",
                                "default": -1052774
                            },
                            "xmax": {
                                "type": "number",
                                "title": "Maximum value of x",
                                "default": 5666163
                            },
                            "ymax": {
                                "type": "number",
                                "title": "Maximum value of y",
                                "default": 4170111
                            },
                            "wkid": {
                                "type": "number",
                                "title": "Spatial Reference",
                                "default": 3978
                            },
                            "thumbnailUrl": {
                                "type": "string",
                                "title": "Thumbnail URL"
                            }
                        },
                        "required": ["title-en-CA", "title-fr-CA"]
                    }
                }
            }
        },
        "chart": {
            "type": "object",
            "properties": {
                "enable": {
                    "type": "boolean",
                    "title": "Enable"
                },
                "type": {
                    "title": "Chart Type",
                    "type": "string",
                    "enum": [
                        "pie",
                        "bar",
                        "line"
                    ],
                    "description": "",
                    "default": "pie"
                },
                "title": {
                    "title": "Title",
                    "type": "string",
                    "default": ""
                },
                "labelsPie": {
                        "type": "object",
                        "title": "Labels",
                        "properties": {
                            "type": {
                                "title": "Type",
                                "type": "string",
                                "enum": [
                                    "field",
                                    "config"
                                ],
                                "description": "Retreive the labels from a field or from the configuration.",
                                "default": "config"
                            },
                            "values": {
                                "title": "Values",
                                "type": "string",
                                "description": "Values separated by semi colon or field name.",
                                "default": ""
                            },
                            "split": {
                                "title": "Split Character",
                                "type": "string",
                                "description": "Character to use to split list of values.",
                                "default": ";"
                            }
                        },
                        "required": ["type", "values", "split"]
                },
                "options": {
                    "title": "Options",
                    "type": "object",
                    "properties": {
                        "colors": {
                            "title": "Datasets Colors",
                            "type": "string",
                            "description": "Hexadecimal color code separated by semicolon. If not provided, default colors will be use.",
                            "default": ""
                        },
                        "cutOut": {
                            "title": "Cut Out Percentage",
                            "type": "number",
                            "description": "Cut out percentage to use to give doughnut effect.",
                            "default": 0,
                            "minimum": 0,
                            "maximum": 80
                        }
                    },
                    "required": ["cutOut"]
                },
                "axis": {
                    "type": "object",
                    "title": "Labels",
                    "properties": {
                        "xAxis": {
                            "title": "X Axis",
                            "type": "object",
                            "properties": {
                                "title": {
                                    "title": "Title",
                                    "type": "string",
                                    "default": ""
                                },
                                "type": {
                                    "title": "Type",
                                    "type": "string",
                                    "enum": [
                                        "field",
                                        "config",
                                        "linear",
                                        "date"
                                    ],
                                    "description": "Retreive the labels from a field or configuration for bar chart or from values (linear or time) for line chart.",
                                    "default": "config"
                                },
                                "values": {
                                    "title": "Values",
                                    "type": "string",
                                    "description": "Values separated by semicolon or field name.",
                                    "default": ""
                                },
                                "split": {
                                    "title": "Split Character",
                                    "type": "string",
                                    "description": "Character to use to split list of values.",
                                    "default": ";"
                                }
                            },
                            "required": ["type", "values", "split"]
                        },
                        "yAxis": {
                            "title": "Y Axis",
                            "type": "object",
                            "properties": {
                                "title": {
                                    "title": "Title",
                                    "type": "string",
                                    "default": ""
                                },
                                "type": {
                                    "title": "Type",
                                    "type": "string",
                                    "enum": [
                                        "field",
                                        "config",
                                        "linear",
                                        "time"
                                    ],
                                    "description": "Retreive the labels from a field or configuration for bar chart or from values (linear or time) for line chart.",
                                    "default": "config"
                                },
                                "values": {
                                    "title": "Values",
                                    "type": "string",
                                    "description": "Values separated by semicolon or field name.",
                                    "default": ""
                                },
                                "split": {
                                    "title": "Split Character",
                                    "type": "string",
                                    "description": "Character to use to split list of values.",
                                    "default": ";"
                                }
                            },
                            "required": ["type", "values", "split"]
                        },
                        "required": ["xAxis", "yAxis"]
                    }
                },
                "layers": {
                    "type": "array",
                    "title": "Layers",
                    "items": {
                        "type": "object",
                        "properties": {
                            "id": {
                                "title": "Layer ID",
                                "type": "string",
                                "description": ""
                            },
                            "nameField": {
                                "type": "string",
                                "title": "Name Field",
                                "description": "Field name to use for the chart selection combo box when multiple charts."
                            },
                            "type": {
                                "title": "Chart Data Type",
                                "type": "string",
                                "enum": [
                                    "inline",
                                    "link"
                                ],
                                "description": "Type of data (inline for items inside the layer or link for items inside a link table).",
                                "default": "inline"
                            },
                            "linkUrl": {
                                "type": "string",
                                "title": "Link URL",
                                "description": "URL of the link table."
                            },
                            "linkField": {
                                "type": "string",
                                "title": "Link Field",
                                "description": "Field name for the link between the layer and the table."
                            },
                            "data": {
                                "type": "array",
                                "items": {
                                    "type": "object",
                                    "properties": {
                                        "type": {
                                            "title": "Type of data inside the field",
                                            "type": "string",
                                            "enum": [
                                                "single",
                                                "combine"
                                            ],
                                            "description": "Single if there is only one value inside the field. Combine if we use time axis and time and value are part of the field.",
                                            "default": "single"
                                        },
                                        "linkType": {
                                            "title": "Type of link",
                                            "type": "string",
                                            "enum": [
                                                "single",
                                                "multi"
                                            ],
                                            "description": "How data is structure inside the link table (single for one field for value and one for date OR multi if there is multiple datasets inside one field and the chart needs to parse).",
                                            "default": "single"
                                        },
                                        "link": {
                                            "title": "Link Field",
                                            "type": "string",
                                            "description": "Link field to link between layer and table."
                                        },
                                        "date": {
                                            "title": "Date Field",
                                            "type": "string",
                                            "description": "Field to use for the date"
                                        },
                                        "measure": {
                                            "title": "Measure Field",
                                            "type": "string"
                                        },
                                        "values": {
                                            "title": "Label Values",
                                            "type": "string",
                                            "description": "Field name to get labels from for link type multi."
                                        },
                                        "label": {
                                            "type": "object",
                                            "title": "Dataset Labels",
                                            "properties": {
                                                "type": {
                                                    "title": "Type",
                                                    "type": "string",
                                                    "enum": [
                                                        "field",
                                                        "config"
                                                    ],
                                                    "description": "Retreive the labels from a field or from the configuration.",
                                                    "default": "config"
                                                },
                                                "values": {
                                                    "title": "Values",
                                                    "type": "string",
                                                    "description": "Values separated by semicolon or field name.",
                                                    "default": ""
                                                },
                                                "split": {
                                                    "title": "Split Character",
                                                    "type": "string",
                                                    "description": "Character to use to split list of values.",
                                                    "default": ";"
                                                }
                                            },
                                            "required": ["type", "values", "split"]
                                        },
                                        "regex": {
                                            "title": "Dataset splitter",
                                            "type": "string",
                                            "description": "<p>Regex value to split datasets inside the field.<br /><br /> This field is to manage when you have multiple datasets or combine values in the same field. To be able to separate datasets from values, we will use a regex expression. We encourage you to use your data and test your regex expression on a online site like https://regex101.com.<br /><br /> Below we list some samples of datasets and regex:</p><ul><li>Sample 1<ul><li>Data: [255;255;255];[120;232;23];[32;44;134]</li><li>Regex: \\\\[|\\\\];\\\\[|\\\\]</li><li>Ouput: 3 datasets (e.g. 255;255;255). Values inside dataset will be split by the field 'Values Splitter'.</li></ul></li><li>Sample 2</li><ul><li>Data: (2011-03-28,0.511),(2011-04-04,0.421)</li><li>Regex: \\\\(|\\\\),\\\\(|\\\\)</li><li>Ouput: 1 datasets, 2 pairs of values (e.g. 2011-03-28,0.511). Values inside are combined (y and x axis) and will be split by the field 'Values Splitter'.</li></ul></ul><p><em>Note: we need to double the '\\' character</em></p>"
                                        },
                                        "split": {
                                            "title": "Values splitter",
                                            "type": "string",
                                            "default": ";",
                                            "description": "Character to use to split values inside a field. E.g. a field contains '10;20;30' means there is 3 values split by ';' or [1,2,3];[4,5,6] means there is 2 datasets with 3 values each split by ','."
                                        },
                                        "prefix": {
                                            "title": "Prefix",
                                            "type": "string",
                                            "default": "",
                                            "description": "Prefix to add to data hover."
                                        },
                                        "suffix": {
                                            "title": "Suffix",
                                            "type": "string",
                                            "default": "",
                                            "description": "Suffix to add to data hover."
                                        }
                                    },
                                    "required": ["type", "measure", "split"]
                                }
                            },
                            "details": {
                                "type": "object",
                                "title": "Details",
                                "properties": {
                                    "enabled": {
                                        "type": "boolean",
                                        "title": "Enable"
                                    },
                                    "value": {
                                        "type": "string",
                                        "title": "Value",
                                        "description": "String with the custom details in markdown notation."
                                    }
                                }
                            }
                        },
                        "required": ["id", "nameField", "type", "data"]
                    }
                },
                "required": ["type", "layers"]
            }
        },
        "swiper": {
            "type": "object",
            "properties": {
                "enable": {
                    "type": "boolean",
                    "title": "Enable"
                },
                "type": {
                    "type": "string",
                    "title": "Type",
                    "enum": [
                        "vertical"
                    ],
                    "default": "vertical"
                },
                "keyboardOffset": {
                    "type": "number",
                    "title": "Keyboard Movement",
                    "description": "Pixel value of swiper displacement.",
                    "default": 10,
                    "minimum": 1,
                    "maximum": 100
                },
                "layers": {
                    "type": "array",
                    "title": "Layers",
                    "items": {
                        "type": "object",
                        "properties": {
                            "id": {
                                "type": "string",
                                "description": "The id of the layer for referencing within the viewer (does not relate directly to any external service).",
                                "title": "ID"
                            }
                        },
                        "required": ["id"]
                    }
                }
            },
            "required": ["type", "keyboardOffset", "layers"]
        },
        "draw": {
            "type": "object",
            "properties": {
                "enable": {
                    "type": "boolean",
                    "title": "Enable"
                },
                "open": {
                    "type": "boolean",
                    "title": "Open by default",
                    "default": true
                },
                "tools": {
                    "type": "array",
                    "title": "Tools",
                    "items": {
                        "type": "string",
                        "enum": [
                            "picker", "point", "polyline", "polygon", "edit", "measure", "extent", "write", "read"
                        ]
                    },
                    "description": "Tools to add to draw toolbar.",
                    "default": ["picker", "point", "polyline", "polygon", "edit", "measure", "extent", "write", "read"]
                }
            },
            "required": ["active", "tools"]
        },
        "thematicSlider": {
            "type": "object",
            "properties": {
                "enable": {
                    "type": "boolean",
                    "title": "Enable"
                },
                "open": {
                    "type": "boolean",
                    "title": "Open by default",
                    "default": true
                },
                "autorun": {
                    "type": "boolean",
                    "title": "Start animation on load",
                    "defaul": false
                },
                "loop": {
                    "type": "boolean",
                    "title": "Play the animation in loop",
                    "default": false
                },
                "slider": {
                    "type": "boolean",
                    "title": "Enable slider control",
                    "default": true
                },
                "stack": {
                    "type": "boolean",
                    "title": "Stack layer visibility",
                    "default": false
                },
                "legendStack": {
                    "type": "boolean",
                    "title": "Stack legend items (useful with the stack option to see all active elements legend)",
                    "default": true
                },
                "layers": {
                    "type": "array",
                    "title": "Layers",
                    "items": {
                        "type": "object",
                        "properties": {
                            "id": {
                                "type": "string",
                                "description": "The id of the layer for referencing within the viewer (does not relate directly to any external service).",
                                "title": "ID"
                            },
                            "duration": {
                                "type": "number",
                                "title": "Animation duration in milliseconds",
                                "minimum": 3000,
                                "default": 3000
                            },
                            "title": {
                                "type": "string",
                                "title": "Title for this layer animation"
                            },
                            "description": {
                                "type": "string",
                                "title": "Description for this layer animation"
                            },
                            "legend": {
                                "type": "array",
                                "title": "Legend",
                                "description": "Add items for a custom legend, leave it blank for default legend.",
                                "default": [],
                                "items": {
                                    "type": "object",
                                    "properties": {
                                        "label": {
                                            "type": "string",
                                            "title": "Label"
                                        },
                                        "image": {
                                            "type": "object",
                                            "properties": {
                                                "url": {
                                                    "type": "string",
                                                    "title": "URL",
                                                    "default": ""
                                                },
                                                "width": {
                                                    "type": "number",
                                                    "title": "Width",
                                                    "minimum": 25,
                                                    "maximum": 150,
                                                    "default": 150
                                                },
                                                "height": {
                                                    "type": "number",
                                                    "title": "Height",
                                                    "minimum": 25,
                                                    "maximum": 150,
                                                    "default": 150
                                                }
                                            },
                                            "required": ["url", "width", "height"]
                                        }
                                    },
                                    "required": ["image"]
                                }
                            }
                        },
                        "required": ["id", "duration"]
                    }
                },
                "required": ["layers"]
            }
        }
    }
}