{
  "description": "Un ensemble de points de service utilisés par le visualisateur.",
  "type": "object",
  "schema": "services",
  "title": "Services",
  "properties": {
    "proxyUrl": {
      "type": "string",
      "description": "Un proxy optionnel pouvante être utilisé afin de pallier au problème des origines semblables. L'URL doit être soit un chemin relatif pointant vers le même serveur ou bien un chemin absolu pointant vers un serveur qui met en place les entêtes des requêtes d'origines croisées (CORS).",
      "title": "URL du proxy",
      "help": "",
      "default": ""
    },
    "corsEverywhere": {
      "type": "boolean",
      "description": "Un booléen indiquant que tous les services sont activés sont CORS. Ceci est mutuellement exclusif avec proxyUrl",
      "title": "CORS activé",
      "help": "",
      "default": false,
      "version": "2.5"
    },
    "exportMapUrl": {
      "type": "string",
      "description": "Un point de service ESRI pour générer des images à partir de cartes. Doit pointer directement vers un point de service qui peut être utilisé par un service d'impression d'ESRI (ESRI PrintTask). Si la valeur est vide, exportera en tant qu'élément Canvas sans ESRI.",
      "title": "URL de la carte à exporter",
      "help": "",
      "default": ""
    },
    "geometryUrl": {
      "type": "string",
      "description": "URL pointant sur un point de service REST ArcGIS d'ESRI pour la géométrie.",
      "title": "URL de la géométrie",
      "help": "",
      "default": ""
    },
    "googleAPIKey": {
      "type": "string",
      "description": "Clé de l'API Google afin d'activer la géolocalisation.",
      "title": "URL de l'API Google",
      "help": "Do we really need this?",
      "default": ""
    },
    "esriLibUrl": {
      "type": "string",
      "description": "Point de service pour l'API ESRI JavaSCript. Note, nous ne pouvons utiliser une version plus grande que v3.22.",
      "title": "Chemin d'accès à la librarie Esri",
      "help" : "Chemin d'accès à la librarie Esri",
      "default": "",
      "version": "2.5"
    },
    "search": {
      "type": "object",
      "description": "Propriétés de la recherche incluant la possibilité d'activer certains types de recherche (Système national de référence cartographique, code postal / Région de tri d'acheminement ou Latitude / Longitude), de modifier les paramètres de recherche par défaut (filtrage, tri, etc.) et d'identifier les URLs des points de service.",
      "properties": {
        "settings": {
          "version": "3.1",
          "type": "object",
          "description": "Paramètres de configuration de la recherche",
          "properties": {
            "categories": {
              "title": "Catégories",
              "type": "array",
              "items": {
                "title": "Catégorie",
                "type": "string"
              },
              "description": "Filtrer les résultats de la recherche en fonction du type de noms géographiques. Les valeurs autorisées peuvent être trouvées ici (si vous utilisez l'API du service de recherche de GeoNames au Canada): http://geogratis.gc.ca/services/geoname/fr/codes/concise."
            },
            "sortOrder": {
              "title": "Trier par catégories",
              "type": "array",
              "items": {
                "title": "Catégories",
                "type": "string"
              },
              "description": "L'ordre de tri des 'catégories'. Toutes les catégories manquantes sont ajoutées au bas de la liste triée. Les résultats peuvent toujours être triés avec cette option même si aucune catégorie n'est filtrée."
            },
            "maxResults": {
              "title": "Résultat maximum",
              "type": "number",
              "default": 100,
              "description": "Nombre maximal de résultats à renvoyer par demande. L'API du service de recherche 'GeoNames' a une limite de recherche de 1 000 entités par requête, sauf si un autre service est utilisé avec une limite supérieure. La valeur par défaut est 100 résultats."
            },
            "officialOnly": {
              "title": "Noms officiels seulement",
              "type": "boolean",
              "default": false,
              "description": "Indique s'il faut renvoyer uniquement les noms officiels. La valeur par défaut est 'false', ce qui renverra les noms officiels et les anciens noms officiels."
            }
          },
          "additionalProperties": false
        },
        "disabledSearches": {
          "type": "array",
          "items": {
            "type": "string",
            "enum": [
              "NTS",
              "FSA",
              "LAT/LNG",
              "SCALE"
            ]
          },
          "uniqueItems": true,
          "description": "Activer des types de recherche spécifiques incluant: Système national de référence cartographique, code postal / Région de tri d'acheminement ou Latitude / Longitude (ex. 58.12;-100.67).",
          "title": "Type de recherche à activer",
          "help": "",
          "default": []
        },
        "serviceUrls": {
          "type": "object",
          "description": "URLs des points de service.",
          "properties": {
            "geoNames": {
              "type": "string",
              "description": "URL du point de service pour les noms géographiques.",
              "title": "URL noms géographiques",
              "default": ""
            },
            "geoLocation": {
              "type": "string",
              "description": "URL du point de service pour la géolocalisation.",
              "title": "URL géolocalisation",
              "help": "",
              "default": ""
            },
            "geoSuggest": {
              "type": "string",
              "description": "URL du point de service pour la géosuggestion.",
              "title": "URL géosuggestion",
              "help": "",
              "default": ""
            },
            "provinces": {
              "type": "string",
              "description": "URL du point de service pour les provinces.",
              "title": "URL provinces",
              "help": "",
              "default": ""
            },
            "types": {
              "type": "string",
              "description": "URL du point de service pour les types.",
              "title": "URL types",
              "help": "",
              "default": ""
            }
          },
          "additionalProperties": false,
          "required": [
            "geoNames",
            "geoLocation",
            "geoSuggest",
            "provinces",
            "types"
          ],
          "title": "URLs des services",
          "help": ""
        }
      },
      "additionalProperties": false,
      "required": [
        "serviceUrls"
      ],
      "title": "Géo recherche"
    },
    "export": {
      "type": "object",
      "description": "Propriétés de l'exportation.",
      "properties": {
        "title": {
          "description": "Titre du graphique à exporter.",
          "type": "object",
          "properties": {
            "isSelected": {
              "type": "boolean",
              "default": true,
              "description": "",
              "title": "Est présent",
              "help": ""
            },
            "isSelectable": {
              "type": "boolean",
              "default": true,
              "description": "",
              "title": "L'utilisateur peut l'enlever",
              "help": ""
            },
            "titleValue": {
              "type": "string",
              "description": "Valeur par défaut. Si la valeur est vide, le titre ne sera pas présent même si Est présent est sélectionné.",
              "title": "Valeur",
              "help": "",
              "default": ""
            }
          },
          "additionalProperties": false,
          "title": "Titre",
          "help": ""
        },
        "map": {
          "description": "Composantes de la carte.",
          "type": "object",
          "properties": {
              "isSelected": {
                "type": "boolean",
                "default": true,
                "description": "",
                "title": "Sont présentes",
                "help": ""
              },
              "isSelectable": {
                "type": "boolean",
                "default": true,
                "description": "",
                "title": "L'utilisateur peut les enlever",
                "help": ""
              }
          },
          "additionalProperties": false,
          "title": "Carte",
          "help": ""
        },
        "mapElements": {
          "description": "La flèche du Nord et l'échelle.",
          "type": "object",
          "properties": {
            "isSelected": {
              "type": "boolean",
              "default": true,
              "description": "",
              "title": "Sont présentes",
              "help": ""
            },
            "isSelectable": {
              "type": "boolean",
              "default": true,
              "description": "",
              "title": "L'utilisateur peut les enlever",
              "help": ""
            }
          },
          "additionalProperties": false,
          "title": "Éléments de la carte",
          "help": ""
        },
        "legend": {
          "description": "",
          "type": "object",
          "properties": {
              "isSelected": {
                "type": "boolean",
                "default": true,
                "description": "",
                "title": "Est présente",
                "help": ""
              },
              "isSelectable": {
                "type": "boolean",
                "default": true,
                "description": "",
                "title": "L'utilisateur peut l'enlever",
                "help": ""
              },
            "showInfoSymbology": {
              "type": "boolean",
              "default": false,
              "description": "Indique si la symbologie des sections doit être incluse dans la légende.",
              "title": "Inclure sections symbologie",
              "help": "",
              "version": "2.5"
            },
            "showControlledSymbology": {
              "type": "boolean",
              "default": false,
              "description": "Indique si la symbologie des couches contrôlées doit être incluse dans la légende.",
              "title": "Inclure sections contrôlées",
              "help": "",
              "version": "2.5"
            },
            "columnWidth": {
              "type": "integer",
              "default": 350,
              "description": "Valeur en pixels à utiliser comme largeur de colonne pour la légende.",
              "title": "Largeur des colonnes",
              "help": "",
              "version": "2.5"
            }
          },
          "additionalProperties": false,
          "title": "Légende",
          "help": ""
        },
        "footnote": {
          "description": "Note de bas de page de la carte à exporter.",
          "type": "object",
          "properties": {
              "isSelected": {
                "type": "boolean",
                "default": true,
                "description": "",
                "title": "Est présente",
                "help": ""
              },
              "isSelectable": {
                "type": "boolean",
                "default": true,
                "description": "",
                "title": "L'utilisateur peut l'enlever",
                "help": ""
              },
            "footnoteValue": {
              "type": "string",
              "description": "Valeur par défaut. Si la valeur est vide, la note de base de page ne sera pas présent même si Est présent est sélectionné.",
              "title": "Valeur",
              "help": "",
              "default": ""
            }
          },
          "additionalProperties": false,
          "title": "Note de bas de page",
          "help": ""
        },
        "timestamp": {
          "description": "",
          "type": "object",
          "properties": {
              "isSelected": {
                "type": "boolean",
                "default": true,
                "description": "",
                "title": "Est présent",
                "help": ""
              },
              "isSelectable": {
                "type": "boolean",
                "default": true,
                "description": "",
                "title": "L'utilisateur peut l'enlever",
                "help": ""
              }
          },
          "additionalProperties": false,
          "title": "Horodateur",
          "help": ""
        },
        "timeout": {
          "type": "number",
          "default": 120000,
          "description": "Délai en millisecondes au terme duquel la génération d'image est considérée comme ayant échoué. La valeur par défaut est 120 secondes.",
          "title": "Temps mort",
          "help": "",
          "version": "2.5"
        },
        "cleanCanvas": {
          "type": "boolean",
          "default": false,
          "description": "Si la valeur est 'true', l'export omet les calques et les images susceptibles de poser des problèmes de sauvegarde. Si la valeur est définie est 'false', les utilisateurs peuvent avoir besoin de sauvegarder en cliquant avec le bouton droit de la souris et en sélectionnant Enregistrer l'image.",
          "title": "Nettoyer canvas",
          "help": "",
          "version": "2.5"
        }
      },
      "additionalProperties": false,
      "title": "Section exportation",
      "help": ""
    }
  },
  "additionalProperties": false
}
