{
  "description": "A set of service endpoints used by the viewer.",
  "type": "object",
  "schema": "services",
  "title": "Services",
  "properties": {
    "proxyUrl": {
      "type": "string",
      "description": "An optional proxy to be used for dealing with same-origin issues. URL must either be a relative path on the same server or an absolute path on a server which sets CORS headers.",
      "title": "Proxy URL",
      "help": "",
      "default": ""
    },
    "corsEverywhere": {
      "type": "boolean",
      "description": "A boolean indicating that all services are CORS enabled. This is mutually exclusive with proxyUrl.",
      "title": "CORS Enabled",
      "help": "",
      "default": false,
      "version": "2.5"
    },
    "exportMapUrl": {
      "type": "string",
      "description": "An ESRI service endpoint for generating map images. Should point directly to an endpoint that can be consumed by ESRI PrintTask. If value is empty, will export as Canvas element without ESRI.",
      "title": "Export Map URL",
      "help": "",
      "default": ""
    },
    "geometryUrl": {
      "type": "string",
      "description": "A URL to an ESRI ArcGIS geometry service REST endpoint.",
      "title": "Geometry URL",
      "help": "",
      "default": ""
    },
    "googleAPIKey": {
      "type": "string",
      "description": "Google API key to enable geo location.",
      "title": "Google API URL",
      "help": "Do we really need this?",
      "default": ""
    },
    "esriLibUrl": {
      "type": "string",
      "description": "ESRI JavaSCript API endpoint. Note, we can't use a version greater than v3.22.",
      "title": "Esri Library Path",
      "help" : "Esri Library Path",
      "default": "",
      "version": "2.5"
    },
    "search": {
      "type": "object",
      "description": "Search properties including ability to enable certain types of searches (National Topographic System, Postal Code/FSA, Scale/Échelle, and/or LAT/LNG), modify default GeoSearch settings (filtering, sorting, etc.) and to set service endpoint urls.",
      "properties": {
        "settings": {
          "version": "3.1",
          "type": "object",
          "description": "Configuration settings related to GeoSearch",
          "properties": {
            "categories": {
              "title": "Categories",
              "type": "array",
              "items": {
                "title": "Category",
                "type": "string"
              },
              "description": "Filter the search results based on the type of the geographical names. Allowed values can be found here (if using the Canadian GeoNames Search Service API): http://geogratis.gc.ca/services/geoname/en/codes/concise."
            },
            "sortOrder": {
              "title": "Sort by categories",
              "type": "array",
              "items": {
                "title": "Category",
                "type": "string"
              },
              "description": "The sort order of the defined 'categories'. Any missing categories are appended to the bottom of the sorted list. The results can still be sorted through this option even if there are no categories being filtered."
            },
            "maxResults": {
              "title": "Maximum results",
              "type": "number",
              "default": 100,
              "description": "The maximum number of results to return per request. The Canadian GeoNames Search Service API has a 1000 search limit which will be used as an upper limit of results returned unless another service is being used with a higher limit. The default is 100 results."
            },
            "officialOnly": {
              "title": "Official names only",
              "type": "boolean",
              "default": false,
              "description": "Whether to return only official names for the geographic names. Default is false which will return both official names and formerly official names."
            }
          },
          "additionalProperties": false
        },
        "disabledSearches": {
          "type": "array",
          "items": {
            "type": "string",
            "enum": [
              "NTS",
              "FSA",
              "LAT/LNG",
              "SCALE"
            ]
          },
          "uniqueItems": true,
          "description": "Enable specific types of searches including: National Topographic System, Postal Code/Foward Sorting Area or Latitude/Longitude (e.g. 58.12;-100.67).",
          "title": "Search type to enable",
          "help": "",
          "default": []
        },
        "serviceUrls": {
          "type": "object",
          "description": "Service endpoint urls.",
          "properties": {
            "geoNames": {
              "type": "string",
              "description": "Endpoint url for geoNames service.",
              "title": "Geo Names URL",
              "default": ""
            },
            "geoLocation": {
              "type": "string",
              "description": "Endpoint url for geoLocation service.",
              "title": "Geo Location URL",
              "help": "",
              "default": ""
            },
            "geoSuggest": {
              "type": "string",
              "description": "Endpoint url for geoSuggest service.",
              "title": "Geo Suggest URL",
              "help": "",
              "default": ""
            },
            "provinces": {
              "type": "string",
              "description": "Endpoint url for provinces service.",
              "title": "Provinces URL",
              "help": "",
              "default": ""
            },
            "types": {
              "type": "string",
              "description": "Endpoint url for types service.",
              "title": "Type URL",
              "help": "",
              "default": ""
            }
          },
          "additionalProperties": false,
          "required": [
            "geoNames",
            "geoLocation",
            "geoSuggest",
            "provinces",
            "types"
          ],
          "title": "Service URLs",
          "help": ""
        }
      },
      "additionalProperties": false,
      "required": [
        "serviceUrls"
      ],
      "title": "Geo Search"
    },
    "export": {
      "type": "object",
      "description": "Export properties",
      "properties": {
        "title": {
          "description": "Title of the export graphic.",
          "type": "object",
          "properties": {
            "isSelected": {
              "type": "boolean",
              "default": true,
              "description": "",
              "title": "Is present",
              "help": ""
            },
            "isSelectable": {
              "type": "boolean",
              "default": true,
              "description": "",
              "title": "User can remove it",
              "help": ""
            },
            "titleValue": {
              "type": "string",
              "description": "Value to appear by default. If value is empty, title will not be present even if Is present is selected.",
              "title": "Value",
              "help": "",
              "default": ""
            }
          },
          "additionalProperties": false,
          "title": "Title",
          "help": ""
        },
        "map": {
          "description": "Map component.",
          "type": "object",
          "properties": {
              "isSelected": {
                "type": "boolean",
                "default": true,
                "description": "",
                "title": "Is present",
                "help": ""
              },
              "isSelectable": {
                "type": "boolean",
                "default": true,
                "description": "",
                "title": "User can remove it",
                "help": ""
              }
          },
          "additionalProperties": false,
          "title": "Map",
          "help": ""
        },
        "mapElements": {
          "description": "North arrow and scalebar component.",
          "type": "object",
          "properties": {
              "isSelected": {
                "type": "boolean",
                "default": true,
                "description": "",
                "title": "Is present",
                "help": ""
              },
              "isSelectable": {
                "type": "boolean",
                "default": true,
                "description": "",
                "title": "User can remove it",
                "help": ""
              }
          },
          "additionalProperties": false,
          "title": "Map Elements",
          "help": ""
        },
        "legend": {
          "description": "Legend component.",
          "type": "object",
          "properties": {
              "isSelected": {
                "type": "boolean",
                "default": true,
                "description": "",
                "title": "Is present",
                "help": ""
              },
              "isSelectable": {
                "type": "boolean",
                "default": true,
                "description": "",
                "title": "User can remove it",
                "help": ""
            },
            "showInfoSymbology": {
              "type": "boolean",
              "default": false,
              "description": "Indicates whether symbology from info sections should be included in export legend.",
              "title": "Show Info Symbology",
              "help": "",
              "version": "2.5"
            },
            "showControlledSymbology": {
              "type": "boolean",
              "default": false,
              "description": "Indicates whether symbology from controlled layers should be included in export legend.",
              "title": "Show Controlled Symbology",
              "help": "",
              "version": "2.5"
            },
            "columnWidth": {
              "type": "integer",
              "default": 350,
              "description": "Value in pixels to be used as the column width for the export legend.",
              "title": "Legend Column Width",
              "help": "",
              "version": "2.5"
            }
          },
          "additionalProperties": false,
          "title": "Legend",
          "help": ""
        },
        "footnote": {
          "description": "Foot notice to add to exported map.",
          "type": "object",
          "properties": {
              "isSelected": {
                "type": "boolean",
                "default": true,
                "description": "",
                "title": "Is present",
                "help": ""
              },
              "isSelectable": {
                "type": "boolean",
                "default": true,
                "description": "",
                "title": "User can remove it",
                "help": ""
              },
              "footnoteValue": {
                "type": "string",
                "description": "Value to appear by default. If value is empty, footnote will not be present even if Is present is selected.",
                "title": "Value",
                "help": "",
                "default": ""
              }
          },
          "additionalProperties": false,
          "title": "Footnote",
          "help": ""
        },
        "timestamp": {
          "description": "Timestamp component.",
          "type": "object",
          "properties": {
              "isSelected": {
                "type": "boolean",
                "default": true,
                "description": "",
                "title": "Is present",
                "help": ""
              },
              "isSelectable": {
                "type": "boolean",
                "default": true,
                "description": "",
                "title": "User can remove it",
                "help": ""
              }
          },
          "additionalProperties": false,
          "title": "Timestamp",
          "help": ""
        },
        "timeout": {
          "type": "number",
          "default": 120000,
          "description": "A timeout delay in milliseconds after which the export image generation is considered to have failed. Defaults to 120sec.",
          "title": "Time Out",
          "help": "",
          "version": "2.5"
        },
        "cleanCanvas": {
          "type": "boolean",
          "default": false,
          "description": "If set to true the export will omit layers and images that would cause issues with saving. If set to false users may need to save by right-clicking and selecting save image.",
          "title": "Clean Canvas",
          "help": "",
          "version": "2.5"
        }
      },
      "additionalProperties": false,
      "title": "Export section",
      "help": ""
    }
  },
  "additionalProperties": false
}
