{
    "schema": "ui",
    "title": "UI",
    "description": "A set of service endpoints used by the viewer.",
    "type": "object",
    "properties": {
        "fullscreen": {
          "type": "boolean",
          "default": false,
          "description": "Indicates viewer takes up entire viewport.",
          "title": "Fullscreen"
        },
        "theme": {
          "type": "string",
          "enum": [
            "default"
          ],
          "default": "default",
          "description": "UI theme of the viewer.",
          "title": "Theme"
        },
        "logoUrl": {
          "type": "string",
          "description": "An optional image to be used in the place of the default viewer logo.",
          "title": "Logo URL",
          "default": ""
        },
        "failureFeedback": {
            "type": "object",
            "title": "On Viewer Failure",
            "properties": {
                "failureMessage": {
                    "type": "string",
                    "title": "Failure Message",
                    "description": "An optional message to be used in place of the failure message.",
                    "default": ""
                },
                "failureImageUrl": {
                    "type": "string",
                    "title": "Failure Image Url",
                    "description": "An optional image to be used in place of the failure Image.",
                    "default": ""
                }
            }
        },
        "title": {
            "type": "string",
            "description": "An optional title to be used in the place of the default viewer title.",
            "title": "Title",
            "maxLength": 20,
            "default": ""
        },
        "appBar": {
            "description": "Provides configuration to the main app toolbar. To completely hide the toolbar, provide the following: Side Menu: uncheck, Geo Search: uncheck, Layers Selector: uncheck.",
            "type": "object",
            "properties": {
                "sideMenu": {
                    "type": "boolean",
                      "default": true,
                      "description": "Shows the side menu button in the main app toolbar.",
                      "title": "Side Menu"
                    },
                    "geoSearch": {
                      "type": "boolean",
                      "default": true,
                      "description": "Shows the geosearch button in the main app toolbar. The button will be hidden if geosearch component is disabled or no search service URLs are provided.",
                      "title": "Geo Search"
                    },
                    "basemap": {
                      "type": "boolean",
                      "default": true,
                      "description": "Shows the basemap selector button in the main app toolbar when the layers menu is open.",
                      "title": "Basemap Selector"
                    },
                    "layers": {
                      "type": "boolean",
                      "default": true,
                      "description": "Shows the layers button in the main app toolbar.",
                      "title": "Layers Selector"
                    }
            },
            "default": { "sideMenu": true, "geoSearch": true, "layers": true },
            "additionalProperties": false,
            "title": "Application Bar"
        },
        "navBar": {
            "type": "object",
            "description": "Provides configuration to the nav bar. If not supplied the default nav bar buttons are shown. The order is defined by the sequence in which the elements are inserted in the toolbar.",
            "properties": {
                "zoom": {
                    "type": "string",
                    "enum": ["all","buttons","slider"],
                    "default": "buttons",
                    "title": "Zoom"
                },
                "extra": {
                    "default": ["fullscreen","geoLocator","home","help"],
                    "title": "Extra Navigation Components",
                    "type": "array",
                    "items": {
                        "type": "string",
                        "enum": ["geoLocator","home","basemap","help","fullscreen","geoSearch","sideMenu","layers"],
                        "default": ["geoLocator","home","help","fullscreen"]
                    }
                }
            },
            "required": ["zoom"],
            "additionalProperties": false,
            "title": "Navigation Bar"
        },
        "sideMenu": {
            "type": "object",
            "properties": {
                "logo": {
                    "type": "boolean",
                    "default": true,
                    "description": "Indicates if the logo should be shown in the left side menu.",
                    "title": "Show Logo"
                },
                "items": {
                    "type": "array",
                    "default": [["layers","basemap"],["fullscreen","export","share","touch","help","about"],["language"],["plugins"]],
                    "items": {
                        "type": "array",
                        "title": "Items",
                        "items": {
                            "type": "string",
                            "enum": [
                              "layers",
                              "basemap",
                              "geoSearch",
                              "about",
                              "fullscreen",
                              "export",
                              "share",
                              "touch",
                              "help",
                              "language",
                              "plugins"
                            ]
                        }
                    },
                    "title": "Side Menu Items"
                }
            },
            "additionalProperties": false,
            "description": "Specifies which options are available in the left side menu.",
            "title": "Side Menu"
        },
        "restrictNavigation": {
            "type": "boolean",
            "default": false,
            "description": "Will restrict the user from panning beyond the maximum extent.",
            "title": "Restrict Navigation"
        },
        "help": {
            "type": "object",
            "description": "Help properties",
            "properties": {
                "folderName": {
                    "type": "string",
                    "description": "Help folder name who contain the help description and images. IMPORTANT: Can not be tested in preview mode. Opening the help will generate an error.",
                    "title": "Folder Name",
                    "default": "default"
                }
          },
          "required": [
            "folderName"
          ],
          "additionalProperties": false,
          "title": "Help File"
        },
        "legend": {
            "type": "object",
            "title": "Layers Panel (Legend)",
            "properties": {
                "reorderable": {
                  "type": "boolean",
                  "default": true,
                  "description": "Specifies if the items in the layers panel (legend) can be reordered; structured legend ignores this property.",
                  "title": "Is Reorderable"
                },
                "allowImport": {
                  "type": "boolean",
                  "default": true,
                  "description": "Specifies if the user-added layers are allowed.",
                  "title": "Allow Layers Import"
                },
                "isOpen": {
                    "type": "object",
                    "description": "Specifies whether the layers panel (legend) is opened by default on initial loading of the map for small, medium, and large viewports.",
                    "properties": {
                        "large": {
                              "type": "boolean",
                              "default": false,
                              "description": "Whether the layers panel (legend) is opened by default on initial loading of the map for large viewports.",
                              "title": "Open by default in large display"
                        },
                        "medium": {
                              "type": "boolean",
                              "default": false,
                              "description": "Whether the layers panel (legend) is opened by default on initial loading of the map for medium viewports.",
                              "title": "Open by default in medium display"
                        },
                        "small": {
                              "type": "boolean",
                              "default": false,
                              "description": "Whether the layers panel (legend) is opened by default on initial loading of the map for small viewports.",
                              "title": "Open by default in small display"
                        }
                    },
                "additionalProperties": false,
                "title": "Layers Panel (Legend) Opening Options"
                }
            }
        },
        "about": {
            "description": "About properties from configuration file or Markdown folder.",
            "title": "About Map",
            "type": "object",
            "subtype": "oneof",
            "properties": {
              "content": {
                  "description": "About properties from string content.",
                  "title": "Content",
                  "type": "string",
                  "required": true
              },
              "folderName": {
                  "description": "About properties from configuration file or Markdown folder. IMPORTANT: Can not be tested in preview mode. Opening the about will generate an error.",
                  "title": "Folder Name",
                  "type": "string",
                  "required": true
              },
              "aboutChoice": {
                  "description": "",
                  "type": "enum",
                  "enum": ["string", "folder"],
                  "title": "About source",
                  "default": "string",
                  "required": true
              },
              "additionalProperties": false
              }
          },
        "tableIsOpen": {
            "type": "object",
            "description": "Specifies whether the table panel is opened by default on initial loading of the map for small, medium, and large viewports.",
            "properties": {
                "id": {
                    "type": "string",
                    "description": "The id of the layer for referencing within the viewer. Only works with feature layer.",
                    "title": "Layer ID",
                    "default": ""
                },
                "large": {
                    "type": "boolean",
                    "default": false,
                    "description": "Whether the table panel is opened by default on initial loading of the map for large viewports.",
                    "title": "Open by default in large display"
                },
                "medium": {
                    "type": "boolean",
                    "default": false,
                    "description": "Whether the table panel is opened by default on initial loading of the map for medium viewports.",
                    "title": "Open by default in medium display"
                },
                "small": {
                    "type": "boolean",
                    "default": false,
                    "description": "Whether the table panel is opened by default on initial loading of the map for small viewports.",
                    "title": "Open by default in small display"
                }
            },
            "additionalProperties": false,
            "required": ["id"],
            "title": "Table Opening Options"
        }
    }
}
