{
    "map": {
        "components": {
            "geoSearch": {
                "enabled": true,
                "showGraphic": true,
                "showInfo": true
            },
            "mouseInfo": {
                "enabled": true,
                "spatialReference": {
                    "wkid": 4269,
                    "vcsWkid": "",
                    "latestWkid": "",
                    "latestVcsWkid": "",
                    "wkt": ""
                }
            },
            "northArrow": {
                "enabled": false,
                "arrowIcon": "",
                "poleIcon": ""
            },
            "basemap": {
                "enabled": true
            },
            "overviewMap": {
                "enabled": false,
                "expandFactor": 2,
                "initiallyExpanded": false
            },
            "scaleBar": {
                "enabled": false
            }
        },
        "initialBasemapId": "baseNrCan",
        "extentSets": [{
            "id": "EXT_NRCAN_Lambert_3978",
            "default": {
                "xmax": 3549492,
                "xmin": -2681457,
                "ymax": 3482193,
                "ymin": -883440
            },
            "spatialReference": {
                "wkid": 3978
            }
        }],
        "lodSets": [{
            "id": "LOD_NRCAN_Lambert_3978",
            "lods": [{
                "level": 0,
                "resolution": 38364.660062653464,
                "scale": 145000000
            }, {
                "level": 1,
                "resolution": 22489.62831258996,
                "scale": 85000000
            }, {
                "level": 2,
                "resolution": 13229.193125052918,
                "scale": 50000000
            }, {
                "level": 3,
                "resolution": 7937.5158750317505,
                "scale": 30000000
            }, {
                "level": 4,
                "resolution": 4630.2175937685215,
                "scale": 17500000
            }, {
                "level": 5,
                "resolution": 2645.8386250105837,
                "scale": 10000000
            }, {
                "level": 6,
                "resolution": 1587.5031750063501,
                "scale": 6000000
            }, {
                "level": 7,
                "resolution": 926.0435187537042,
                "scale": 3500000
            }, {
                "level": 8,
                "resolution": 529.1677250021168,
                "scale": 2000000
            }, {
                "level": 9,
                "resolution": 317.50063500127004,
                "scale": 1200000
            }, {
                "level": 10,
                "resolution": 185.20870375074085,
                "scale": 700000
            }, {
                "level": 11,
                "resolution": 111.12522225044451,
                "scale": 420000
            }, {
                "level": 12,
                "resolution": 66.1459656252646,
                "scale": 250000
            }, {
                "level": 13,
                "resolution": 38.36466006265346,
                "scale": 145000
            }, {
                "level": 14,
                "resolution": 22.48962831258996,
                "scale": 85000
            }, {
                "level": 15,
                "resolution": 13.229193125052918,
                "scale": 50000
            }, {
                "level": 16,
                "resolution": 7.9375158750317505,
                "scale": 30000
            }, {
                "level": 17,
                "resolution": 4.6302175937685215,
                "scale": 17500
            }]
        }],
        "tileSchemas": [{
            "id": "EXT_NRCAN_Lambert_3978#LOD_NRCAN_Lambert_3978",
            "name": "Lambert Maps",
            "extentSetId": "EXT_NRCAN_Lambert_3978",
            "lodSetId": "LOD_NRCAN_Lambert_3978"
        }],
        "baseMaps": [{
            "id": "baseNrCan",
            "name": "Canada Base Map - Transportation (CBMT)",
            "description": "The Canada Base Map - Transportation (CBMT) web mapping services of the Earth Sciences Sector at Natural Resources Canada, are intended primarily for online mapping application users and developers.",
            "altText": "altText - The Canada Base Map - Transportation (CBMT)",
            "layers": [{
                "id": "CBMT",
                "layerType": "esriFeature",
                "url": "https://geoappext.nrcan.gc.ca/arcgis/rest/services/BaseMaps/CBMT3978/MapServer"
            }],
            "tileSchemaId": "EXT_NRCAN_Lambert_3978#LOD_NRCAN_Lambert_3978",
            "attribution": {
                "text": {
                    "enabled": true
                },
                "logo": {
                    "enabled": false
                }
            }
        }],
        "layers": [],
        "legend": {
            "legendChoice": "autopopulate",
            "type": "autopopulate"
        }
    },
    "ui": {
        "sideMenu": {
            "items": [],
            "logo": true
        },
        "fullscreen": false,
        "theme": "default",
        "logoUrl": "",
        "failureFeedback": {
            "failureMessage": "",
            "failureImageUrl": ""
        },
        "title": "",
        "appBar": {
            "sideMenu": false,
            "geoSearch": false,
            "basemap": false,
            "layers": false
        },
        "navBar": {
            "zoom": "buttons",
            "extra": []
        },
        "restrictNavigation": false,
        "legend": {
            "reorderable": false,
            "allowImport": false,
            "isOpen": {
                "large": false,
                "medium": false,
                "small": false
            }
        },
        "tableIsOpen": {
            "id": "",
            "large": false,
            "medium": false,
            "small": false
        },
        "widgetsWidget": ""
    },
    "services": {
        "proxyUrl": "https://maps.canada.ca/wmsproxy/ws/wmsproxy/executeFromProxy",
        "geometryUrl": "https://geoappext.nrcan.gc.ca/arcgis/rest/services/Utilities/Geometry/GeometryServer",
        "exportMapUrl": "https://geoappext.nrcan.gc.ca/arcgis/rest/services/Utilities/PrintingTools/GPServer/Export%20Web%20Map%20Task",
        "search": {
            "serviceUrls": {
                "geoNames": "https://geogratis.gc.ca/services/geoname/en/geonames.json",
                "geoLocation": "https://geogratis.gc.ca/services/geolocation/en/locate?q=",
                "geoSuggest": "https://geogratis.gc.ca/services/geolocation/en/suggest?q=",
                "provinces": "https://geogratis.gc.ca/services/geoname/en/codes/province.json",
                "types": "https://geogratis.gc.ca/services/geoname/en/codes/concise.json"
            },
            "disabledSearches": ["NTS"]
        },
        "googleAPIKey": "",
        "geolocation": "",
        "coordInfo": "",
        "print": "",
        "export": {
            "title": {
                "isSelected": true,
                "isSelectable": true,
                "value": ""
            },
            "map": {
                "isSelected": true,
                "isSelectable": true,
                "value": ""
            },
            "mapElements": {
                "isSelected": true,
                "isSelectable": true,
                "value": ""
            },
            "legend": {
                "isSelected": true,
                "isSelectable": true,
                "value": "",
                "showInfoSymbology": false,
                "showControlledSymbology": false
            },
            "footnote": {
                "isSelected": true,
                "isSelectable": false,
                "value": "© Her Majesty the Queen in Right of Canada, represented by the Minister of Natural Resources"
            },
            "timestamp": {
                "isSelected": true,
                "isSelectable": true,
                "value": ""
            }
        }
    },
    "version": "2.5",
    "language": "en-CA"
}
