{
    "map": {
        "components": {
            "geoSearch": {
                "enabled": true,
                "showGraphic": true,
                "showInfo": true
            },
            "mouseInfo": {
                "enabled": true,
                "spatialReference": {
                    "wkid": 4269,
                    "vcsWkid": "",
                    "latestWkid": "",
                    "latestVcsWkid": "",
                    "wkt": ""
                }
            },
            "northArrow": {
                "enabled": false,
                "arrowIcon": "",
                "poleIcon": ""
            },
            "basemap": {
                "enabled": true
            },
            "overviewMap": {
                "enabled": false,
                "expandFactor": 2,
                "initiallyExpanded": false
            },
            "scaleBar": {
                "enabled": false
            }
        },
        "initialBasemapId": "baseEsriStreet",
        "extentSets": [{
            "id": "EXT_ESRI_World_AuxMerc_3857",
            "default": {
                "xmax": -5007771.626060756,
                "xmin": -16632697.354854,
                "ymax": 10015875.184845109,
                "ymin": 5022907.964742964
            },
            "spatialReference": {
                "wkid": 102100,
                "latestWkid": 3857
            }
        }],
        "lodSets": [{
            "id": "LOD_ESRI_World_AuxMerc_3857",
            "lods": [{
                "level": 0,
                "resolution": 19567.87924099992,
                "scale": 73957190.948944
            }, {
                "level": 1,
                "resolution": 9783.93962049996,
                "scale": 36978595.474472
            }, {
                "level": 2,
                "resolution": 4891.96981024998,
                "scale": 18489297.737236
            }, {
                "level": 3,
                "resolution": 2445.98490512499,
                "scale": 9244648.868618
            }, {
                "level": 4,
                "resolution": 1222.992452562495,
                "scale": 4622324.434309
            }, {
                "level": 5,
                "resolution": 611.4962262813797,
                "scale": 2311162.217155
            }, {
                "level": 6,
                "resolution": 305.74811314055756,
                "scale": 1155581.108577
            }, {
                "level": 7,
                "resolution": 152.87405657041106,
                "scale": 577790.554289
            }, {
                "level": 8,
                "resolution": 76.43702828507324,
                "scale": 288895.277144
            }, {
                "level": 9,
                "resolution": 38.21851414253662,
                "scale": 144447.638572
            }, {
                "level": 10,
                "resolution": 19.10925707126831,
                "scale": 72223.819286
            }, {
                "level": 11,
                "resolution": 9.554628535634155,
                "scale": 36111.909643
            }, {
                "level": 12,
                "resolution": 4.77731426794937,
                "scale": 18055.954822
            }, {
                "level": 13,
                "resolution": 2.388657133974685,
                "scale": 9027.977411
            }, {
                "level": 14,
                "resolution": 1.1943285668550503,
                "scale": 4513.988705
            }, {
                "level": 15,
                "resolution": 0.5971642835598172,
                "scale": 2256.994353
            }, {
                "level": 16,
                "resolution": 0.29858214164761665,
                "scale": 1128.497176
            }, {
                "level": 17,
                "resolution": 0.14929107082380833,
                "scale": 564.248588
            }, {
                "level": 18,
                "resolution": 0.07464553541190416,
                "scale": 282.124294
            }, {
                "level": 19,
                "resolution": 0.03732276770595208,
                "scale": 141.062147
            }, {
                "level": 20,
                "resolution": 0.01866138385297604,
                "scale": 70.5310735
            }]
        }],
        "tileSchemas": [{
            "id": "EXT_ESRI_World_AuxMerc_3857#LOD_ESRI_World_AuxMerc_3857",
            "name": "Web Mercator Maps",
            "extentSetId": "EXT_ESRI_World_AuxMerc_3857",
            "lodSetId": "LOD_ESRI_World_AuxMerc_3857"
        }],
        "baseMaps": [{
            "id": "baseEsriStreet",
            "name": "World Street Map",
            "description": "This worldwide street map presents highway-level data for the world.",
            "altText": "altText - ESWorld Street Map",
            "layers": [
              {
                "id": "World_Street_Map",
                "layerType": "esriFeature",
                "url": "https://services.arcgisonline.com/arcgis/rest/services/World_Street_Map/MapServer"
              }
            ],
            "tileSchemaId": "EXT_ESRI_World_AuxMerc_3857#LOD_ESRI_World_AuxMerc_3857",
            "attribution": {
                "text": {
                    "enabled": true
                },
                "logo": {
                    "enabled": true
                }
            }
        }],
        "layers": [],
        "legend": {
            "legendChoice": "autopopulate",
            "type": "autopopulate"
        }
    },
    "ui": {
        "sideMenu": {
            "items": [],
            "logo": true
        },
        "fullscreen": false,
        "theme": "default",
        "logoUrl": "",
        "failureFeedback": {
            "failureMessage": "",
            "failureImageUrl": ""
        },
        "title": "",
        "appBar": {
            "sideMenu": false,
            "geoSearch": false,
            "basemap": false,
            "layers": false
        },
        "navBar": {
            "zoom": "buttons",
            "extra": []
        },
        "restrictNavigation": false,
        "legend": {
            "reorderable": false,
            "allowImport": false,
            "isOpen": {
                "large": false,
                "medium": false,
                "small": false
            }
        },
        "tableIsOpen": {
            "id": "",
            "large": false,
            "medium": false,
            "small": false
        },
        "widgetsWidget": ""
    },
    "services": {
        "proxyUrl": "https://maps.canada.ca/wmsproxy/ws/wmsproxy/executeFromProxy",
        "geometryUrl": "https://geoappext.nrcan.gc.ca/arcgis/rest/services/Utilities/Geometry/GeometryServer",
        "exportMapUrl": "https://geoappext.nrcan.gc.ca/arcgis/rest/services/Utilities/PrintingTools/GPServer/Export%20Web%20Map%20Task",
        "search": {
            "serviceUrls": {
                "geoNames": "https://geogratis.gc.ca/services/geoname/en/geonames.json",
                "geoLocation": "https://geogratis.gc.ca/services/geolocation/en/locate?q=",
                "geoSuggest": "https://geogratis.gc.ca/services/geolocation/en/suggest?q=",
                "provinces": "https://geogratis.gc.ca/services/geoname/en/codes/province.json",
                "types": "https://geogratis.gc.ca/services/geoname/en/codes/concise.json"
            },
            "disabledSearches": ["NTS"]
        },
        "googleAPIKey": "",
        "geolocation": "",
        "coordInfo": "",
        "print": "",
        "export": {
            "title": {
                "isSelected": true,
                "isSelectable": true,
                "value": ""
            },
            "map": {
                "isSelected": true,
                "isSelectable": true,
                "value": ""
            },
            "mapElements": {
                "isSelected": true,
                "isSelectable": true,
                "value": ""
            },
            "legend": {
                "isSelected": true,
                "isSelectable": true,
                "value": "",
                "showInfoSymbology": false,
                "showControlledSymbology": false
            },
            "footnote": {
                "isSelected": true,
                "isSelectable": false,
                "value": "© Her Majesty the Queen in Right of Canada, represented by the Minister of Natural Resources"
            },
            "timestamp": {
                "isSelected": true,
                "isSelectable": true,
                "value": ""
            }
        }
    },
    "version": "2.5",
    "language": "en-CA"
}
